date,player,team,pos,mentions,videos,channels,reach
2026-09-29,Adam Fox,NYR,D,11,3,3,56.4
2026-09-29,Adin Hill,VGK,G,1,1,1,409.5
2026-09-29,Alexandre Texier,MTL,RW,1,1,1,8.2
2026-09-29,Anton Frondell,CHI,C,5,3,3,26.8
2026-09-29,Auston Matthews,TOR,C,15,6,6,561.7
2026-09-29,Bowen Byram,CHI,D,4,1,1,32.8
2026-09-29,Braden Schneider,NYR,D,3,2,2,12.8
2026-09-29,Braeden Bowman,VGK,RW,3,2,2,12.8
2026-09-29,Brendan Gallagher,VAN,LW,1,1,1,2.3
2026-09-29,Brett Howden,VGK,LW,4,2,2,446.5
2026-09-29,Carter Hart,VGK,G,7,2,2,55.1
2026-09-29,Charlie McAvoy,BOS,D,8,5,5,459.5
2026-09-29,Chris Kreider,MTL,RW,3,3,3,25.4
2026-09-29,Cole Caufield,MTL,LW,16,5,5,490.1
2026-09-29,Cole Smith,CHI,RW,3,2,2,18.7
2026-09-29,Connor Bedard,CHI,C,1,1,1,409.5
2026-09-29,Connor Clifton,BOS,D,2,2,2,17.2
2026-09-29,Connor McDavid,EDM,C,33,4,4,304.7
2026-09-29,Darren Raddysh,TOR,D,10,3,3,867.9
2026-09-29,David Pastrnak,BOS,RW,6,3,3,439.2
2026-09-29,Easton Cowan,TOR,LW,2,2,2,10.5
2026-09-29,Ethan Del Mastro,CHI,D,1,1,1,8.2
2026-09-29,Evan Bouchard,EDM,D,4,2,2,34.5
2026-09-29,Frank Nazar,CHI,C,14,3,3,71.1
2026-09-29,Fraser Minten,BOS,C,1,1,1,15.0
2026-09-29,Gabe Perreault,NYR,LW,7,2,2,39.7
2026-09-29,Gavin McKenna,TOR,LW,15,5,5,517.4
2026-09-29,Hampus Lindholm,BOS,D,2,1,1,4.6
2026-09-29,Ian Cole,CHI,D,8,3,3,127.7
2026-09-29,Isaac Howard,EDM,LW,5,1,1,41.0
2026-09-29,Ivan Barbashev,VGK,LW,8,2,2,30.1
2026-09-29,Ivan Demidov,MTL,RW,4,2,2,21.0
2026-09-29,Ivan Ivan,BOS,C,1,1,1,2.3
2026-09-29,J.T. Miller,NYR,C,10,4,4,45.0
2026-09-29,JJ Peterka,BOS,RW,5,4,4,455.5
2026-09-29,Jack Eichel,VGK,C,11,5,5,892.3
2026-09-29,Jacob Fowler,MTL,G,1,1,1,183.5
2026-09-29,James Hagens,BOS,LW,6,2,2,25.5
2026-09-29,Jason Dickinson,EDM,C,3,2,2,18.7
2026-09-29,Jeremy Swayman,BOS,G,9,6,6,824.3
2026-09-29,Josh Anderson,MTL,RW,8,4,3,1641.2
2026-09-29,Kaiden Guhle,MTL,D,1,1,1,15.0
2026-09-29,Kirby Dach,MTL,C,1,1,1,8.2
2026-09-29,Kirill Marchenko,TOR,LW,16,4,4,89.1
2026-09-29,Lane Hutson,MTL,D,3,3,3,23.1
2026-09-29,Leon Draisaitl,EDM,LW,4,3,3,203.1
2026-09-29,Marco Rossi,VAN,C,4,3,3,33.6
2026-09-29,Marek Vanacker,CHI,LW,43,7,7,1843.8
2026-09-29,Mark Stone,VGK,RW,16,5,5,1754.7
2026-09-29,Mason Lohrei,BOS,D,5,2,2,17.3
2026-09-29,Matt Savoie,EDM,RW,3,2,2,18.7
2026-09-29,Matthew Robertson,NYR,D,1,1,1,2.3
2026-09-29,Max Jones,EDM,LW,2,2,2,10.5
2026-09-29,Mika Zibanejad,NYR,C,1,1,1,5.9
2026-09-29,Mitch Marner,VGK,RW,7,5,5,877.3
2026-09-29,Morgan Geekie,BOS,LW,5,2,2,47.8
2026-09-29,Nick Lardis,CHI,LW,4,2,2,21.0
2026-09-29,Nick Paul,TOR,C,6,2,2,462.9
2026-09-29,Nick Suzuki,MTL,C,13,4,4,1317.3
2026-09-29,Nikita Zadorov,BOS,D,2,2,2,23.2
2026-09-29,Noah Dobson,MTL,D,3,2,2,19.5
2026-09-29,Noah Laba,NYR,C,2,2,2,10.5
2026-09-29,Oliver Bjorkstrand,NYR,RW,2,2,2,10.5
2026-09-29,Oliver Moore,CHI,C,5,2,2,29.2
2026-09-29,Owen Michaels,EDM,C,2,2,2,10.5
2026-09-29,Patrick Kane,CHI,RW,14,5,5,491.0
2026-09-29,Shea Theodore,VGK,D,8,3,3,36.8
2026-09-29,Spencer Knight,CHI,G,33,7,7,2005.4
2026-09-29,Spencer Martin,NYR,G,1,1,1,8.2
2026-09-29,Thatcher Demko,VAN,G,4,3,3,37.2
2026-09-29,Tomas Hertl,VGK,C,7,4,4,38.2
2026-09-29,Trevor Connelly,VGK,LW,6,2,2,26.4
2026-09-29,Tristan Jarry,EDM,G,6,3,3,32.7
2026-09-29,Victor Olofsson,VGK,LW,4,2,2,21.0
2026-09-29,William Nylander,TOR,RW,3,2,2,851.9
2026-09-29,Wyatt Kaiser,CHI,D,1,1,1,8.2
2026-09-29,Zach Hyman,EDM,RW,14,3,3,68.3
